name,age,height
Anisha Regmi,21,6.3
Amit Ghimire,18,6.1
Sujal Tamang,19,5.4
Amit Rai,18,5.5
Sabina Acharya,25,6.1
Dipesh Bhandari,23,5.4
Sujal Adhikari,21,5.2
Roshan Thapa,22,5.7
Sarita Gurung,22,6.2
Asmita Bhattarai,25,5.9
Shreya Poudel,20,5.7
Sanjana Shrestha,24,5.1
Sneha Bhattarai,18,5.8
Kiran Joshi,18,6.3
Ritesh KC,20,5.2
Puja Lama,20,5.7
Nabin Ghimire,25,6.1
Shreya Acharya,25,6.0
Sneha Regmi,20,5.9
Kiran Thapa,21,5.9
Rojina Acharya,25,5.5
Anisha Magar,23,5.4
Anisha Maharjan,25,6.1
Prakriti Dahal,18,6.1
Kritika Magar,25,6.1
Sabina Gurung,21,6.2
Manisha Ghimire,20,5.7
Puja Rai,18,5.7
Sneha Tamang,25,6.0
Nabin Thapa,21,5.8
Samiksha Joshi,23,5.9
Prakriti Maharjan,25,6.0
Roshan Adhikari,21,6.2
Sanjana Poudel,23,5.4
Sarita KC,20,5.5
Sabina Bhattarai,25,5.1
Sanjana KC,23,5.8
Shreya Adhikari,18,5.0
Samiksha Lama,20,5.6
Nabin Tamang,18,5.7
Samiksha Tamang,22,5.4
Prabin Lama,19,5.8
Bikash Maharjan,25,5.0
Nabin Basnet,23,5.0
Nisha Ghimire,19,6.1
Bikash Shrestha,19,5.5
Kiran Rai,23,5.2
Nisha Shrestha,20,5.7
Asmita Bhandari,25,6.0
Sagar Joshi,22,5.3
Bibek Shrestha,18,5.8
Ritesh Karki,21,5.1
Ashim Rai,18,5.1
Sabina Magar,21,5.7
Nisha Tamang,18,5.7
Sneha Gurung,23,5.8
Aarav Lama,22,5.9
Dipesh Karki,25,6.3
Bibek Bhattarai,21,5.7
Aarav Thapa,25,5.4
Rojina Ghimire,25,6.0
Samiksha Thapa,25,5.4
Aarav Karki,24,5.6
Sabina Dahal,20,5.1
Sabina KC,18,5.0
Puja Basnet,25,6.3
Sagar Rai,18,6.1
Rajan Regmi,25,5.9
Amit Adhikari,21,5.5
Shreya Karki,20,5.2
Dipesh Rai,20,5.2
Bikash Ghimire,23,5.3
Bikash Rai,24,5.7
Ritesh Acharya,23,5.9
Ashim Basnet,23,5.9
Puja Bhattarai,23,5.4
Shreya Bhandari,23,6.2
Sabina Rai,23,6.0
Shreya Shrestha,22,5.7
Aarav Regmi,20,5.8
Bikash Magar,23,5.5
Bibek Rai,25,5.3
Suman Tamang,20,5.5
Ritesh Magar,20,6.0
Aarav Acharya,19,5.0
Ashim Bhattarai,22,5.2
Asmita Ghimire,23,5.1
Manisha Joshi,18,5.1
Shreya Joshi,21,6.1
Sabina Regmi,24,5.9
Sneha Rai,25,5.6
Sanjana Thapa,18,5.1
Rajan Karki,22,5.6
Rajan Joshi,21,5.6
Ritesh Joshi,22,5.2
Sanjana Gurung,25,5.6
Puja Karki,20,5.5
Aarav Shrestha,21,5.8
Sagar Gurung,20,5.8
Prabin Bhattarai,25,5.1
Sabina Poudel,18,5.5
Dipesh Adhikari,25,5.8
Asmita Joshi,18,5.7
Suman Karki,21,6.1
Manisha Gurung,21,5.9
Suman Bhandari,23,5.2
Aastha Lama,22,5.1
Aarav Magar,23,5.8
Puja Poudel,22,5.0
Aastha Thapa,23,5.8
Manisha Adhikari,20,6.2
Sagar Thapa,21,5.7
Sagar Regmi,18,5.5
Roshan Rai,22,5.8
Kritika Tamang,25,5.6
Aarav Bhandari,22,5.7
Puja Maharjan,18,6.2
Dipesh KC,23,5.5
Sabina Lama,22,6.2
Kiran Regmi,24,6.2
